category,よくあるご質問,fas fa-headset
link,kintone FAQ,https://kintone-faq.cybozu.co.jp/hc/ja
link,cybozu.com FAQ,https://faq.cybozu.info/alphascope/cybozu/web/cybozu.com/
category,コミュニティ,far fa-comments
link,キンコミ kintone user community,https://kincom.cybozu.co.jp/
link,cybozu developer network,https://cybozu.dev/
category,学ぶ,fas fa-pencil-alt
link,ここからはじまるkintone導入ガイドブック,https://kintone.cybozu.co.jp/r/kokokaraguide/
link,機能別！便利に使おうガイドブック,https://kintone.cybozu.co.jp/material/#guidebook
link,動画で基礎から応用まで学ぶ,https://kintone.cybozu.co.jp/seminar/ondemand.html?utm_source=ki_helpsite&utm_medium=website&utm_campaign=movie
