1,Kintoneの使いかた,/k/ja/
1,スタートガイド,/k/ja/id/040130.html
1,Kintone共通の操作,/k/ja/id/040830.html
1,アプリ,/k/ja/id/040840.html
1,データの検索,/k/ja/id/040688.html
1,通知,/k/ja/id/040669.html
1,ポータル,/k/ja/id/040617.html
1,スペース,/k/ja/id/040691.html
1,ゲストスペース,/k/ja/id/040639.html
1,ピープル,/k/ja/id/040679.html
1,メッセージ,/k/ja/id/040651.html
1,システム管理,/k/ja/id/0402.html
1,モバイル,/k/ja/id/040653.html
1,活用ガイド,/k/ja/id/040732.html
1,トラブルシューティング,/k/ja/id/040146.html
2,管理（ユーザー／システム）,/general/ja/
2,ユーザー管理,/general/ja/id/020138.html
2,セキュリティ設定,/general/ja/id/02038.html
2,アカウントの設定,/general/ja/id/020406.html
2,ログインに関するトラブル,/general/ja/id/020262.html
3,試用／購入,/store/ja/
3,トライアル,/store/ja/id/03038.html
3,購入,/store/ja/id/03027.html
3,支払い方法の変更,/store/ja/id/03018.html
3,契約の変更,/store/ja/id/0302.html
3,解約,/store/ja/id/03034.html
