1,Kintone的使用方法,/k/zh-tw/
1,開始使用指南,/k/zh-tw/id/040130.html
1,Kintone的共通操作,/k/zh-tw/id/040830.html
1,應用程式,/k/zh-tw/id/040840.html
1,搜尋資料,/k/zh-tw/id/040688.html
1,通知,/k/zh-tw/id/040669.html
1,入口網站,/k/zh-tw/id/040617.html
1,空間,/k/zh-tw/id/040691.html
1,訪客空間,/k/zh-tw/id/040639.html
1,用戶,/k/zh-tw/id/040679.html
1,訊息,/k/zh-tw/id/040651.html
1,系統管理,/k/zh-tw/id/0402.html
1,行動裝置版,/k/zh-tw/id/040653.html
1,活用指南,/k/zh-tw/id/040732.html
1,疑難排解,/k/zh-tw/id/040146.html
2,管理（使用者／系統）,/general/zh-tw/
2,使用者管理,/general/zh-tw/id/020138.html
2,安全性設定,/general/zh-tw/id/02038.html
2,帳號設定,/general/zh-tw/id/020406.html
2,登入相關問題,/general/zh-tw/id/020262.html
3,試用／購買,/store/en/
3,試用,/store/en/id/03038.html
3,購買,/store/en/id/03027.html
3,更改付款方式,/store/en/id/03018.html
3,合約內容變更,/store/en/id/0302.html
3,解約,/store/en/id/03034.html
