1,Kintone的使用方法,/k/zh/
1,入门指南,/k/zh/id/040130.html
1,Kintone共通的操作,/k/zh/id/040830.html
1,应用,/k/zh/id/040840.html
1,数据的搜索,/k/zh/id/040688.html
1,通知,/k/zh/id/040669.html
1,门户,/k/zh/id/040617.html
1,空间,/k/zh/id/040691.html
1,来宾空间,/k/zh/id/040639.html
1,用户,/k/zh/id/040679.html
1,私信,/k/zh/id/040651.html
1,系统管理,/k/zh/id/0402.html
1,移动客户端,/k/zh/id/040653.html
1,应用指南,/k/zh/id/040732.html
1,故障排除,/k/zh/id/040146.html
2,管理（用户/系统）,/general/zh/
2,用户管理,/general/zh/id/020138.html
2,安全性设置,/general/zh/id/02038.html
2,账号设置,/general/zh/id/020406.html
2,与登录相关的故障,/general/zh/id/020262.html
3,试用/购买,/store/en/
3,试用,/store/en/id/03038.html
3,购买,/store/en/id/03027.html
3,更改付款方式,/store/en/id/03018.html
3,合同的更改,/store/en/id/0302.html
3,解约,/store/en/id/03034.html
