1,Learn How to Use Kintone,/k/en/
1,Start Guide,/k/en/id/040130.html
1,Common Kintone Operations,/k/en/id/040830.html
1,Apps,/k/en/id/040840.html
1,Data Searching,/k/en/id/040688.html
1,Notification settings,/k/en/id/040669.html
1,Portal,/k/en/id/040617.html
1,Spaces,/k/en/id/040691.html
1,Guest Spaces,/k/en/id/040639.html
1,People,/k/en/id/040679.html
1,Messages,/k/en/id/040651.html
1,Administration,/k/en/id/0402.html
1,Mobile Access,/k/en/id/040653.html
1,Usage Guide,/k/en/id/040732.html
1,Troubleshooting,/k/en/id/040146.html
2,Administration (Users / System),/general/en/
2,User Administration,/general/en/id/020138.html
2,Security,/general/en/id/02038.html
2,Configuring Accounts,/general/en/id/020406.html
2,Problems with Logging In,/general/en/id/020262.html
3,Trial and Purchase,/store/en/
3,Free Trial,/store/en/id/03038.html
3,Purchase,/store/en/id/03027.html
3,Changing Payment Method,/store/en/id/03018.html
3,Changing the Contract,/store/en/id/0302.html
3,Termination,/store/en/id/03034.html
